name,atm_5_8um,lowtran,rel_error
case5_8_01,0.236703,0.1202,0.969242928452579
case5_8_02,0.171685,0.0692,1.4809971098265897
case5_8_03,0.11464,0.0322,2.5602484472049696
case5_8_04,0.251407,0.1313,0.9147524752475247
case5_8_05,0.185883,0.0776,1.3953994845360822
case5_8_06,0.126142,0.0375,2.363786666666667
case5_8_07,0.276165,0.1509,0.8301192842942344
case5_8_08,0.210068,0.0928,1.2636637931034485
case5_8_09,0.259031,0.1394,0.8581850789096127
case5_8_10,0.291916,0.1882,0.5510945802337939
